
create table RESULTMAPPING
(
   RESULTMAPPINGID      bigint not null auto_increment,
   CFCLASSSCHEMEIDRULEBOOKRESULLTTYPE varchar(32) not null,
   CFCLASSIDRULEBOOKRESULTTYPE varchar(255) not null,
   CFCLASSSCHEMEIDPRIZETYPE varchar(32),
   CFCLASSIDPRIZETYPE   varchar(255),
   CFCLASSSCHEMEIDRESEARCHERROLETYPE varchar(32),
   CFCLASSIDRESEARCHERROLETYPE varchar(255),
   CFCLASSSCHEMEIDEVENTTYPE varchar(32),
   CFCLASSIDEVENTTYPE   varchar(255),
   CFCLASSSCHEMEIDPUBLICATIONTYPE varchar(32),
   CFCLASSIDPUBLICATIONTYPE varchar(255),
   CFCLASSSCHEMEIDSUPERPUBLICATIONTYPE varchar(32),
   CFCLASSIDSUPERPUBLICATIONTYPE varchar(255),
   CFCLASSSCHEMEIDPRODUCTTYPE varchar(32),
   CFCLASSIDPRODUCTTYPE varchar(255),
   CFCLASSSCHEMEIDPATENTTYPE varchar(32),
   CFCLASSIDPATENTTYPE  varchar(255),
   primary key (RESULTMAPPINGID)
);



insert into cfClassScheme (cfClassSchemeId, cfURI)
                values ('ruleBook', null),
                       ('resultType', null),
                       ('sciencesGroup', null),
                       ('commissionsRelation', null);

insert into cfClassSchemeDescription (cfClassSchemeId, cfLangCode, cfTrans, cfDescription)
                      values ('ruleBook', 'srp', 'o', 'Класификациона шема за правилнике'),
                             ('resultType', 'srp', 'o', 'Класификациона шема за типове резултата'),
                             ('sciencesGroup', 'srp', 'o', 'Класификациона шема за научне области');

insert into cfClass (cfClassSchemeId, cfClassId, cfStartDate, cfEndDate, cfURI)
              values ('commissionsRelation', 'adopt', '2008-03-21', '3008-03-21', null),
              		 ('ruleBook', 'serbianResearchersEvaluation', '2008-03-21', '3008-03-21', null),
                     ('sciencesGroup', 'allSciences', '2008-03-21', '3008-03-21', null),
              		 ('sciencesGroup', 'naturalSciences', '2008-03-21', '3008-03-21', null),
                     ('sciencesGroup', 'technicalSciences', '2008-03-21', '3008-03-21', null),
                     ('sciencesGroup', 'socialSciences', '2008-03-21', '3008-03-21', null),
                     ('resultType', 'M10', '2008-03-21', '3008-03-21', null),
                     ('resultType', 'M11', '2008-03-21', '3008-03-21', null),
                     ('resultType', 'M12', '2008-03-21', '3008-03-21', null),
                     ('resultType', 'M13', '2008-03-21', '3008-03-21', null),
                     ('resultType', 'M14', '2008-03-21', '3008-03-21', null),
                     ('resultType', 'M15', '2008-03-21', '3008-03-21', null),
                     ('resultType', 'M16', '2008-03-21', '3008-03-21', null),
                     ('resultType', 'M17', '2008-03-21', '3008-03-21', null),
                     ('resultType', 'M18', '2008-03-21', '3008-03-21', null),
                     ('resultType', 'M20', '2008-03-21', '3008-03-21', null),
                     ('resultType', 'M21', '2008-03-21', '3008-03-21', null),
                     ('resultType', 'M22', '2008-03-21', '3008-03-21', null),
                     ('resultType', 'M23', '2008-03-21', '3008-03-21', null),
                     ('resultType', 'M24', '2008-03-21', '3008-03-21', null),
                     ('resultType', 'M25', '2008-03-21', '3008-03-21', null),
                     ('resultType', 'M26', '2008-03-21', '3008-03-21', null),
                     ('resultType', 'M27', '2008-03-21', '3008-03-21', null),
                     ('resultType', 'M28', '2008-03-21', '3008-03-21', null),
                     ('resultType', 'M30', '2008-03-21', '3008-03-21', null),
                     ('resultType', 'M31', '2008-03-21', '3008-03-21', null),
                     ('resultType', 'M32', '2008-03-21', '3008-03-21', null),
                     ('resultType', 'M33', '2008-03-21', '3008-03-21', null),
                     ('resultType', 'M34', '2008-03-21', '3008-03-21', null),
                     ('resultType', 'M35', '2008-03-21', '3008-03-21', null),
                     ('resultType', 'M36', '2008-03-21', '3008-03-21', null),
                     ('resultType', 'M40', '2008-03-21', '3008-03-21', null),
                     ('resultType', 'M41', '2008-03-21', '3008-03-21', null),
                     ('resultType', 'M42', '2008-03-21', '3008-03-21', null),
                     ('resultType', 'M43', '2008-03-21', '3008-03-21', null),
                     ('resultType', 'M44', '2008-03-21', '3008-03-21', null),
                     ('resultType', 'M45', '2008-03-21', '3008-03-21', null),
                     ('resultType', 'M46', '2008-03-21', '3008-03-21', null),
                     ('resultType', 'M47', '2008-03-21', '3008-03-21', null),
                     ('resultType', 'M48', '2008-03-21', '3008-03-21', null),
                     ('resultType', 'M49', '2008-03-21', '3008-03-21', null),
                     ('resultType', 'M50', '2008-03-21', '3008-03-21', null),
                     ('resultType', 'M51', '2008-03-21', '3008-03-21', null),
                     ('resultType', 'M52', '2008-03-21', '3008-03-21', null),
                     ('resultType', 'M53', '2008-03-21', '3008-03-21', null),
                     ('resultType', 'M55', '2008-03-21', '3008-03-21', null),
                     ('resultType', 'M56', '2008-03-21', '3008-03-21', null),
                     ('resultType', 'M60', '2008-03-21', '3008-03-21', null),
                     ('resultType', 'M61', '2008-03-21', '3008-03-21', null),
                     ('resultType', 'M62', '2008-03-21', '3008-03-21', null),
                     ('resultType', 'M63', '2008-03-21', '3008-03-21', null),
                     ('resultType', 'M64', '2008-03-21', '3008-03-21', null),
                     ('resultType', 'M65', '2008-03-21', '3008-03-21', null),
                     ('resultType', 'M66', '2008-03-21', '3008-03-21', null),
                     ('resultType', 'M70', '2008-03-21', '3008-03-21', null),
                     ('resultType', 'M71', '2008-03-21', '3008-03-21', null),
                     ('resultType', 'M72', '2008-03-21', '3008-03-21', null);

insert into cfClassTerm (cfClassSchemeId, cfClassId, cfLangCode, cfTrans, cfTerm)
                      values ('ruleBook', 'serbianResearchersEvaluation', 'srp', 'o', 'Правилник о поступку и начину вредновања, и квантитативном исказивању научноистраживачких резултата истраживача'),
                             ('sciencesGroup', 'naturalSciences', 'srp', 'o', 'Природно-математичке и медицинске науке'),
                             ('sciencesGroup', 'technicalSciences', 'srp', 'o', 'Техничко-технолошке и биотехничке науке'),
                             ('sciencesGroup', 'socialSciences', 'srp', 'o', 'Друштвене и хуманистичке науке'),
                             ('resultType', 'M10', 'srp', 'o', 'Монографије, монографске студије, тематски зборници, лескикографске и картографске публикације међународног значаја'),
                             ('resultType', 'M11', 'srp', 'o', 'Истакнута монографија међународног значаја'),
                             ('resultType', 'M12', 'srp', 'o', 'Монографија међународног значаја'),
                             ('resultType', 'M13', 'srp', 'o', 'Монографска студија/поглавље у књизи М11 или рад у тематском зборнику водећег међународног значаја'),
                             ('resultType', 'M14', 'srp', 'o', 'Монографска студија/поглавље у књизи М12 или рад у тематском зборнику међународног значаја'),
                             ('resultType', 'M15', 'srp', 'o', 'Лексикографска јединица или карта у научној публикацији водећег међународног значаја'),
                             ('resultType', 'M16', 'srp', 'o', 'Лексикографска јединица или карта у публикацији међународног значаја'),
                             ('resultType', 'M17', 'srp', 'o', 'Уређивање научне монографије или тематског зборника водећег међународног значаја'),
                             ('resultType', 'M18', 'srp', 'o', 'Уређивање научне монографије, тематског зборника, лексикографске или картографске публикације међународног значаја'),
                             ('resultType', 'M20', 'srp', 'o', 'Часописи међународног значаја'),
                             ('resultType', 'M21', 'srp', 'o', 'Рад у врхунском међународном часопису'),
                             ('resultType', 'M22', 'srp', 'o', 'Рад у истакнутом међународном часопису'),
                             ('resultType', 'M23', 'srp', 'o', 'Рад у међународном часопису'),
                             ('resultType', 'M24', 'srp', 'o', 'Рад у часопису међународног значаја верификованог посебном одлуком'),
                             ('resultType', 'M25', 'srp', 'o', 'Научна критика и полемика у истакнутом међународном часопису'),
                             ('resultType', 'M26', 'srp', 'o', 'Научна критика и полемика у међународном часопис'),
                             ('resultType', 'M27', 'srp', 'o', 'Уређивање истакнутог међународног научног часописа на год. нивоу (гост уредник)'),
                             ('resultType', 'M28', 'srp', 'o', 'Уређивање међународног научног часописа'),
                             ('resultType', 'M30', 'srp', 'o', 'Зборници међународних научних скупова'),
                             ('resultType', 'M31', 'srp', 'o', 'Предавање по позиву са међународног скупа штампано у целини (неопходно позивно писмо)'),
                             ('resultType', 'M32', 'srp', 'o', 'Предавање по позиву са међународног скупа штампано у изводу'),
                             ('resultType', 'M33', 'srp', 'o', 'Саопштење са међународног скупа штампано у целини'),
                             ('resultType', 'M34', 'srp', 'o', 'Саопштење са међународног скупа штампано у изводу'),
                             ('resultType', 'M35', 'srp', 'o', 'Ауторизована дискусија са међународног скуп'),
                             ('resultType', 'M36', 'srp', 'o', 'Уређивање зборника саопштења међународног научног скупа'),
                             ('resultType', 'M40', 'srp', 'o', 'Националне монографије, тематски зборници, лексикографске и картографске публикације националног значаја; научни преводи и критичка издања грађе, библиографске публикације'),
                             ('resultType', 'M41', 'srp', 'o', 'Истакнута монографија националног значаја'),
                             ('resultType', 'M42', 'srp', 'o', 'Монографија националног значаја, монографско издање грађе, превод изворног текста у облику монографије (само за старе језике)'),
                             ('resultType', 'M43', 'srp', 'o', 'Монографска библиографска публикација'),
                             ('resultType', 'M44', 'srp', 'o', 'Поглавље у књизи М41 или рад у истакнутом тематском зборнику водећег националног значаја, превод изворног текста у облику студије, поглавља или чланка, превод или стручна редакција превода научне монографске књиге (само за старе језике)'),
                             ('resultType', 'M45', 'srp', 'o', 'Поглавље у књизи М42 или рад у тематском зборнику националног значаја'),
                             ('resultType', 'M46', 'srp', 'o', 'Лексикографска  јединица  у  научној  публикацији водећег националног значаја, карта у научној  публикацији  националног  значаја, издање грађе у научној публикацији.'),
                             ('resultType', 'M47', 'srp', 'o', 'Лексикографска  јединица  у  научној публикацији националног значаја'),
                             ('resultType', 'M48', 'srp', 'o', 'Уређивање  научне  монографије,  тематског зборника, лексикографске или картографске публикације водећег националног значаја'),
                             ('resultType', 'M49', 'srp', 'o', 'Уређивање  научне  монографије,  тематског зборника, лексикографске или картографске публикације националног значаја'),
                             ('resultType', 'M50', 'srp', 'o', 'Часописи националног значаја'),
                             ('resultType', 'M51', 'srp', 'o', 'Рад у водећем часопису националног значаја'),
                             ('resultType', 'M52', 'srp', 'o', 'Рад у часопису националног значаја'),
                             ('resultType', 'M53', 'srp', 'o', 'Рад у научном часопису'),
                             ('resultType', 'M55', 'srp', 'o', 'Уређивање  водећег  научног  часописа националног значаја (на годишњем нивоу)'),
                             ('resultType', 'M56', 'srp', 'o', 'Уређивање  научног  часописа  националног значаја (на годишњем нивоу) '),
                             ('resultType', 'M60', 'srp', 'o', 'Зборници скупова националног значаја '),
                             ('resultType', 'M61', 'srp', 'o', 'Предавање  по  позиву  са  скупа  националног значаја штампано у целини'),
                             ('resultType', 'M62', 'srp', 'o', 'Предавање  по  позиву  са  скупа  националног значаја штампано у изводу'),
                             ('resultType', 'M63', 'srp', 'o', 'Саопштење  са  скупа  националног  значаја штампано у целини'),
                             ('resultType', 'M64', 'srp', 'o', 'Саопштење  са  скупа  националног  значаја штампано у изводу'),
                             ('resultType', 'M65', 'srp', 'o', 'Ауторизована  дискусија  са  националног скупа'),
                             ('resultType', 'M66', 'srp', 'o', 'Уређивање  зборника  саопштења  скупа националног значаја'),
                             ('resultType', 'M70', 'srp', 'o', 'Магистарске и докторске тезе'),
                             ('resultType', 'M71', 'srp', 'o', 'Одбрањена докторска дисертација'),
                             ('resultType', 'M72', 'srp', 'o', 'Одбрањен магистарски рад');

insert into cfClass_Class (cfClassSchemeId1, cfClassId1, cfClassSchemeId2, cfClassId2, cfClassSchemeId, cfClassId, cfStartDate, cfEndDate)
                    values ('resultType', 'M11', 'resultType', 'M10', 'hierarchy', 'belongsTo', '2008-03-21', '3008-03-21'),
                           ('resultType', 'M12', 'resultType', 'M10', 'hierarchy', 'belongsTo', '2008-03-21', '3008-03-21'),
                           ('resultType', 'M13', 'resultType', 'M10', 'hierarchy', 'belongsTo', '2008-03-21', '3008-03-21'),
                           ('resultType', 'M14', 'resultType', 'M10', 'hierarchy', 'belongsTo', '2008-03-21', '3008-03-21'),
                           ('resultType', 'M15', 'resultType', 'M10', 'hierarchy', 'belongsTo', '2008-03-21', '3008-03-21'),
                           ('resultType', 'M16', 'resultType', 'M10', 'hierarchy', 'belongsTo', '2008-03-21', '3008-03-21'),
                           ('resultType', 'M17', 'resultType', 'M10', 'hierarchy', 'belongsTo', '2008-03-21', '3008-03-21'),
                           ('resultType', 'M18', 'resultType', 'M10', 'hierarchy', 'belongsTo', '2008-03-21', '3008-03-21'),
                           ('resultType', 'M10', 'ruleBook', 'serbianResearchersEvaluation', 'hierarchy', 'belongsTo', '2008-03-21', '3008-03-21'),
                           ('resultType', 'M21', 'resultType', 'M20', 'hierarchy', 'belongsTo', '2008-03-21', '3008-03-21'),
                           ('resultType', 'M22', 'resultType', 'M20', 'hierarchy', 'belongsTo', '2008-03-21', '3008-03-21'),
                           ('resultType', 'M23', 'resultType', 'M20', 'hierarchy', 'belongsTo', '2008-03-21', '3008-03-21'),
                           ('resultType', 'M24', 'resultType', 'M20', 'hierarchy', 'belongsTo', '2008-03-21', '3008-03-21'),
                           ('resultType', 'M25', 'resultType', 'M20', 'hierarchy', 'belongsTo', '2008-03-21', '3008-03-21'),
                           ('resultType', 'M26', 'resultType', 'M20', 'hierarchy', 'belongsTo', '2008-03-21', '3008-03-21'),
                           ('resultType', 'M27', 'resultType', 'M20', 'hierarchy', 'belongsTo', '2008-03-21', '3008-03-21'),
                           ('resultType', 'M28', 'resultType', 'M20', 'hierarchy', 'belongsTo', '2008-03-21', '3008-03-21'),
                           ('resultType', 'M20', 'ruleBook', 'serbianResearchersEvaluation', 'hierarchy', 'belongsTo', '2008-03-21', '3008-03-21'),
                           ('resultType', 'M31', 'resultType', 'M30', 'hierarchy', 'belongsTo', '2008-03-21', '3008-03-21'),
                           ('resultType', 'M32', 'resultType', 'M30', 'hierarchy', 'belongsTo', '2008-03-21', '3008-03-21'),
                           ('resultType', 'M33', 'resultType', 'M30', 'hierarchy', 'belongsTo', '2008-03-21', '3008-03-21'),
                           ('resultType', 'M34', 'resultType', 'M30', 'hierarchy', 'belongsTo', '2008-03-21', '3008-03-21'),
                           ('resultType', 'M35', 'resultType', 'M30', 'hierarchy', 'belongsTo', '2008-03-21', '3008-03-21'),
                           ('resultType', 'M36', 'resultType', 'M30', 'hierarchy', 'belongsTo', '2008-03-21', '3008-03-21'),
                           ('resultType', 'M30', 'ruleBook', 'serbianResearchersEvaluation', 'hierarchy', 'belongsTo', '2008-03-21', '3008-03-21'),
                           ('resultType', 'M41', 'resultType', 'M40', 'hierarchy', 'belongsTo', '2008-03-21', '3008-03-21'),
                           ('resultType', 'M42', 'resultType', 'M40', 'hierarchy', 'belongsTo', '2008-03-21', '3008-03-21'),
                           ('resultType', 'M43', 'resultType', 'M40', 'hierarchy', 'belongsTo', '2008-03-21', '3008-03-21'),
                           ('resultType', 'M44', 'resultType', 'M40', 'hierarchy', 'belongsTo', '2008-03-21', '3008-03-21'),
                           ('resultType', 'M45', 'resultType', 'M40', 'hierarchy', 'belongsTo', '2008-03-21', '3008-03-21'),
                           ('resultType', 'M46', 'resultType', 'M40', 'hierarchy', 'belongsTo', '2008-03-21', '3008-03-21'),
                           ('resultType', 'M47', 'resultType', 'M40', 'hierarchy', 'belongsTo', '2008-03-21', '3008-03-21'),
                           ('resultType', 'M48', 'resultType', 'M40', 'hierarchy', 'belongsTo', '2008-03-21', '3008-03-21'),
                           ('resultType', 'M49', 'resultType', 'M40', 'hierarchy', 'belongsTo', '2008-03-21', '3008-03-21'),
                           ('resultType', 'M40', 'ruleBook', 'serbianResearchersEvaluation', 'hierarchy', 'belongsTo', '2008-03-21', '3008-03-21'),
                           ('resultType', 'M51', 'resultType', 'M50', 'hierarchy', 'belongsTo', '2008-03-21', '3008-03-21'),
                           ('resultType', 'M52', 'resultType', 'M50', 'hierarchy', 'belongsTo', '2008-03-21', '3008-03-21'),
                           ('resultType', 'M53', 'resultType', 'M50', 'hierarchy', 'belongsTo', '2008-03-21', '3008-03-21'),
                           ('resultType', 'M55', 'resultType', 'M50', 'hierarchy', 'belongsTo', '2008-03-21', '3008-03-21'),
                           ('resultType', 'M56', 'resultType', 'M50', 'hierarchy', 'belongsTo', '2008-03-21', '3008-03-21'),
                           ('resultType', 'M50', 'ruleBook', 'serbianResearchersEvaluation', 'hierarchy', 'belongsTo', '2008-03-21', '3008-03-21'),
                           ('resultType', 'M61', 'resultType', 'M60', 'hierarchy', 'belongsTo', '2008-03-21', '3008-03-21'),
                           ('resultType', 'M62', 'resultType', 'M60', 'hierarchy', 'belongsTo', '2008-03-21', '3008-03-21'),
                           ('resultType', 'M63', 'resultType', 'M60', 'hierarchy', 'belongsTo', '2008-03-21', '3008-03-21'),
                           ('resultType', 'M64', 'resultType', 'M60', 'hierarchy', 'belongsTo', '2008-03-21', '3008-03-21'),
                           ('resultType', 'M65', 'resultType', 'M60', 'hierarchy', 'belongsTo', '2008-03-21', '3008-03-21'),
                           ('resultType', 'M66', 'resultType', 'M60', 'hierarchy', 'belongsTo', '2008-03-21', '3008-03-21'),
                           ('resultType', 'M60', 'ruleBook', 'serbianResearchersEvaluation', 'hierarchy', 'belongsTo', '2008-03-21', '3008-03-21'),
                           ('resultType', 'M71', 'resultType', 'M70', 'hierarchy', 'belongsTo', '2008-03-21', '3008-03-21'),
                           ('resultType', 'M72', 'resultType', 'M70', 'hierarchy', 'belongsTo', '2008-03-21', '3008-03-21'),
                           ('resultType', 'M70', 'ruleBook', 'serbianResearchersEvaluation', 'hierarchy', 'belongsTo', '2008-03-21', '3008-03-21');

insert into resultTypeMeasure (cfClassSchemeIdScienceGroup, cfClassIdScienceGroup,cfClassSchemeIdResultType, cfClassIdResultType, quantitativeMeasure)
                    values ('sciencesGroup', 'naturalSciences', 'resultType', 'M11', 15),
                           ('sciencesGroup', 'technicalSciences', 'resultType', 'M11', 15),
                           ('sciencesGroup', 'socialSciences', 'resultType', 'M11', 15),
                           ('sciencesGroup', 'naturalSciences', 'resultType', 'M12', 10),
                           ('sciencesGroup', 'technicalSciences', 'resultType', 'M12', 10),
                           ('sciencesGroup', 'socialSciences', 'resultType', 'M12', 10),
                           ('sciencesGroup', 'naturalSciences', 'resultType', 'M13', 6),
                           ('sciencesGroup', 'technicalSciences', 'resultType', 'M13', 6),
                           ('sciencesGroup', 'socialSciences', 'resultType', 'M13', 6),
                           ('sciencesGroup', 'naturalSciences', 'resultType', 'M14', 4),
                           ('sciencesGroup', 'technicalSciences', 'resultType', 'M14', 4),
                           ('sciencesGroup', 'socialSciences', 'resultType', 'M14', 4),
                           ('sciencesGroup', 'naturalSciences', 'resultType', 'M15', 3),
                           ('sciencesGroup', 'technicalSciences', 'resultType', 'M15', 3),
                           ('sciencesGroup', 'socialSciences', 'resultType', 'M15', 3),
                           ('sciencesGroup', 'naturalSciences', 'resultType', 'M16', 2),
                           ('sciencesGroup', 'technicalSciences', 'resultType', 'M16', 2),
                           ('sciencesGroup', 'socialSciences', 'resultType', 'M16', 2),
                           ('sciencesGroup', 'naturalSciences', 'resultType', 'M17', 3),
                           ('sciencesGroup', 'technicalSciences', 'resultType', 'M17', 3),
                           ('sciencesGroup', 'socialSciences', 'resultType', 'M17', 3),
                           ('sciencesGroup', 'naturalSciences', 'resultType', 'M18', 2),
                           ('sciencesGroup', 'technicalSciences', 'resultType', 'M18', 2),
                           ('sciencesGroup', 'socialSciences', 'resultType', 'M18', 2),
                           ('sciencesGroup', 'naturalSciences', 'resultType', 'M21', 10),
                           ('sciencesGroup', 'technicalSciences', 'resultType', 'M21', 10),
                           ('sciencesGroup', 'socialSciences', 'resultType', 'M21', 10),
                           ('sciencesGroup', 'naturalSciences', 'resultType', 'M21', 8),
                           ('sciencesGroup', 'technicalSciences', 'resultType', 'M21', 8),
                           ('sciencesGroup', 'socialSciences', 'resultType', 'M21', 8),
                           ('sciencesGroup', 'naturalSciences', 'resultType', 'M22', 5),
                           ('sciencesGroup', 'technicalSciences', 'resultType', 'M22', 5),
                           ('sciencesGroup', 'socialSciences', 'resultType', 'M22', 5),
                           ('sciencesGroup', 'naturalSciences', 'resultType', 'M23', 3),
                           ('sciencesGroup', 'technicalSciences', 'resultType', 'M23', 3),
                           ('sciencesGroup', 'socialSciences', 'resultType', 'M23', 4),
                           ('sciencesGroup', 'naturalSciences', 'resultType', 'M24', 3),
                           ('sciencesGroup', 'technicalSciences', 'resultType', 'M24', 3),
                           ('sciencesGroup', 'socialSciences', 'resultType', 'M24', 4),
                           ('sciencesGroup', 'naturalSciences', 'resultType', 'M25', 1.5),
                           ('sciencesGroup', 'technicalSciences', 'resultType', 'M25', 1.5),
                           ('sciencesGroup', 'socialSciences', 'resultType', 'M25', 1.5),
                           ('sciencesGroup', 'naturalSciences', 'resultType', 'M26', 1),
                           ('sciencesGroup', 'technicalSciences', 'resultType', 'M26', 1),
                           ('sciencesGroup', 'socialSciences', 'resultType', 'M26', 1),
                           ('sciencesGroup', 'naturalSciences', 'resultType', 'M27', 3),
                           ('sciencesGroup', 'technicalSciences', 'resultType', 'M27', 3),
                           ('sciencesGroup', 'socialSciences', 'resultType', 'M27', 3),
                           ('sciencesGroup', 'naturalSciences', 'resultType', 'M28', 2),
                           ('sciencesGroup', 'technicalSciences', 'resultType', 'M28', 2),
                           ('sciencesGroup', 'socialSciences', 'resultType', 'M28', 2),
                           ('sciencesGroup', 'naturalSciences', 'resultType', 'M31', 3),
                           ('sciencesGroup', 'technicalSciences', 'resultType', 'M31', 3),
                           ('sciencesGroup', 'socialSciences', 'resultType', 'M31', 3),
                           ('sciencesGroup', 'naturalSciences', 'resultType', 'M32', 1.5),
                           ('sciencesGroup', 'technicalSciences', 'resultType', 'M32', 1.5),
                           ('sciencesGroup', 'socialSciences', 'resultType', 'M32', 1.5),
                           ('sciencesGroup', 'naturalSciences', 'resultType', 'M33', 1),
                           ('sciencesGroup', 'technicalSciences', 'resultType', 'M33', 1),
                           ('sciencesGroup', 'socialSciences', 'resultType', 'M33', 1),
                           ('sciencesGroup', 'naturalSciences', 'resultType', 'M34', 0.5),
                           ('sciencesGroup', 'technicalSciences', 'resultType', 'M34', 0.5),
                           ('sciencesGroup', 'socialSciences', 'resultType', 'M34', 0.5),
                           ('sciencesGroup', 'naturalSciences', 'resultType', 'M35', 0.3),
                           ('sciencesGroup', 'technicalSciences', 'resultType', 'M35', 0.3),
                           ('sciencesGroup', 'socialSciences', 'resultType', 'M35', 0.3),
                           ('sciencesGroup', 'naturalSciences', 'resultType', 'M36', 1),
                           ('sciencesGroup', 'technicalSciences', 'resultType', 'M36', 1),
                           ('sciencesGroup', 'socialSciences', 'resultType', 'M36', 1),
                           ('sciencesGroup', 'naturalSciences', 'resultType', 'M41', 7),
                           ('sciencesGroup', 'technicalSciences', 'resultType', 'M41', 7),
                           ('sciencesGroup', 'socialSciences', 'resultType', 'M41', 7),
                           ('sciencesGroup', 'naturalSciences', 'resultType', 'M42', 5),
                           ('sciencesGroup', 'technicalSciences', 'resultType', 'M42', 5),
                           ('sciencesGroup', 'socialSciences', 'resultType', 'M42', 5),
                           ('sciencesGroup', 'naturalSciences', 'resultType', 'M43', 3),
                           ('sciencesGroup', 'technicalSciences', 'resultType', 'M43', 3),
                           ('sciencesGroup', 'socialSciences', 'resultType', 'M43', 3),
                           ('sciencesGroup', 'naturalSciences', 'resultType', 'M44', 2),
                           ('sciencesGroup', 'technicalSciences', 'resultType', 'M44', 2),
                           ('sciencesGroup', 'socialSciences', 'resultType', 'M44', 2),
                           ('sciencesGroup', 'naturalSciences', 'resultType', 'M45', 1.5),
                           ('sciencesGroup', 'technicalSciences', 'resultType', 'M45', 1.5),
                           ('sciencesGroup', 'socialSciences', 'resultType', 'M45', 1.5),
                           ('sciencesGroup', 'naturalSciences', 'resultType', 'M46', 1),
                           ('sciencesGroup', 'technicalSciences', 'resultType', 'M46', 1),
                           ('sciencesGroup', 'socialSciences', 'resultType', 'M46', 1),
                           ('sciencesGroup', 'naturalSciences', 'resultType', 'M47', 0.5),
                           ('sciencesGroup', 'technicalSciences', 'resultType', 'M47', 0.5),
                           ('sciencesGroup', 'socialSciences', 'resultType', 'M47', 0.5),
                           ('sciencesGroup', 'naturalSciences', 'resultType', 'M48', 2),
                           ('sciencesGroup', 'technicalSciences', 'resultType', 'M48', 2),
                           ('sciencesGroup', 'socialSciences', 'resultType', 'M48', 2),
                           ('sciencesGroup', 'naturalSciences', 'resultType', 'M49', 1),
                           ('sciencesGroup', 'technicalSciences', 'resultType', 'M49', 1),
                           ('sciencesGroup', 'socialSciences', 'resultType', 'M49', 1),
                           ('sciencesGroup', 'naturalSciences', 'resultType', 'M51', 2),
                           ('sciencesGroup', 'technicalSciences', 'resultType', 'M51', 2),
                           ('sciencesGroup', 'socialSciences', 'resultType', 'M51', 3),
                           ('sciencesGroup', 'naturalSciences', 'resultType', 'M52', 1.5),
                           ('sciencesGroup', 'technicalSciences', 'resultType', 'M52', 1.5),
                           ('sciencesGroup', 'socialSciences', 'resultType', 'M52', 1.5),
                           ('sciencesGroup', 'naturalSciences', 'resultType', 'M53', 1),
                           ('sciencesGroup', 'technicalSciences', 'resultType', 'M53', 1),
                           ('sciencesGroup', 'socialSciences', 'resultType', 'M53', 1),
                           ('sciencesGroup', 'naturalSciences', 'resultType', 'M55', 2),
                           ('sciencesGroup', 'technicalSciences', 'resultType', 'M55', 2),
                           ('sciencesGroup', 'socialSciences', 'resultType', 'M55', 2),
                           ('sciencesGroup', 'naturalSciences', 'resultType', 'M56', 1),
                           ('sciencesGroup', 'technicalSciences', 'resultType', 'M56', 1),
                           ('sciencesGroup', 'socialSciences', 'resultType', 'M56', 1),
                           ('sciencesGroup', 'naturalSciences', 'resultType', 'M61', 1.5),
                           ('sciencesGroup', 'technicalSciences', 'resultType', 'M61', 1.5),
                           ('sciencesGroup', 'socialSciences', 'resultType', 'M61', 2),
                           ('sciencesGroup', 'naturalSciences', 'resultType', 'M62', 1),
                           ('sciencesGroup', 'technicalSciences', 'resultType', 'M62', 1),
                           ('sciencesGroup', 'socialSciences', 'resultType', 'M62', 1),
                           ('sciencesGroup', 'naturalSciences', 'resultType', 'M63', 0.5),
                           ('sciencesGroup', 'technicalSciences', 'resultType', 'M63', 0.5),
                           ('sciencesGroup', 'socialSciences', 'resultType', 'M63', 1),
                           ('sciencesGroup', 'naturalSciences', 'resultType', 'M64', 0.2),
                           ('sciencesGroup', 'technicalSciences', 'resultType', 'M64', 0.2),
                           ('sciencesGroup', 'socialSciences', 'resultType', 'M64', 0.5),
                           ('sciencesGroup', 'naturalSciences', 'resultType', 'M65', 0.2),
                           ('sciencesGroup', 'technicalSciences', 'resultType', 'M65', 0.2),
                           ('sciencesGroup', 'socialSciences', 'resultType', 'M65', 0.2),
                           ('sciencesGroup', 'naturalSciences', 'resultType', 'M66', 1),
                           ('sciencesGroup', 'technicalSciences', 'resultType', 'M66', 1),
                           ('sciencesGroup', 'socialSciences', 'resultType', 'M66', 1),
                           ('sciencesGroup', 'naturalSciences', 'resultType', 'M71', 6),
                           ('sciencesGroup', 'technicalSciences', 'resultType', 'M71', 6),
                           ('sciencesGroup', 'socialSciences', 'resultType', 'M71', 6),
                           ('sciencesGroup', 'naturalSciences', 'resultType', 'M72', 3),
                           ('sciencesGroup', 'technicalSciences', 'resultType', 'M72', 3),
                           ('sciencesGroup', 'socialSciences', 'resultType', 'M72', 3);

insert into cfClass (cfClassSchemeId, cfClassId, cfStartDate, cfEndDate, cfURI)
              values  ('type', 'outstandingInternationalMonograph', '2008-03-21', '3008-03-21', null),
                      ('type', 'internationalMonograph', '2008-03-21', '3008-03-21', null),
                      ('type', 'leadingInternationalPublication', '2008-03-21', '3008-03-21', null),
                      ('type', 'internationalPublication', '2008-03-21', '3008-03-21', null),
                      ('type', 'topLeadingInternationalJournal', '2008-03-21', '3008-03-21', null),
                      ('type', 'leadingInternationalJournal', '2008-03-21', '3008-03-21', null),
                      ('type', 'outstandingInternationalJournal', '2008-03-21', '3008-03-21', null),
                      ('type', 'internationalJournal', '2008-03-21', '3008-03-21', null),
                      ('type', 'speciallyVerifiedInternationalJournal', '2008-03-21', '3008-03-21', null),
                      ('type', 'internationalConference', '2008-03-21', '3008-03-21', null),
                      ('type', 'outstandingNationalMonograph', '2008-03-21', '3008-03-21', null),
                      ('type', 'nationalMonograph', '2008-03-21', '3008-03-21', null),
                      ('type', 'leadingNationalPublication', '2008-03-21', '3008-03-21', null),
                      ('type', 'nationalPublication', '2008-03-21', '3008-03-21', null),
                      ('type', 'leadingNationalJournal', '2008-03-21', '3008-03-21', null),
                      ('type', 'nationalJournal', '2008-03-21', '3008-03-21', null),
                      ('type', 'scienceJournal', '2008-03-21', '3008-03-21', null),
                      ('type', 'nationalConference', '2008-03-21', '3008-03-21', null);

insert into resultMapping (cfClassSchemeIdRuleBookResulltType, cfClassIdRuleBookResultType, cfClassSchemeIdPublicationType, cfClassIdPublicationType)
                    values ('resultType', 'M11', 'resultType', 'M11'),
                           ('resultType', 'M12', 'resultType', 'M12'),
                           ('resultType', 'M13', 'resultType', 'M13'),
                           ('resultType', 'M14', 'resultType', 'M14'),
                           ('resultType', 'M15', 'resultType', 'M15'),
                           ('resultType', 'M16', 'resultType', 'M16'),
                           ('resultType', 'M17', 'resultType', 'M17'),
                           ('resultType', 'M18', 'resultType', 'M18'),
                           ('resultType', 'M21', 'resultType', 'M21'),
                           ('resultType', 'M22', 'resultType', 'M22'),
                           ('resultType', 'M23', 'resultType', 'M23'),
                           ('resultType', 'M24', 'resultType', 'M24'),
                           ('resultType', 'M25', 'resultType', 'M25'),
                           ('resultType', 'M26', 'resultType', 'M26'),
                           ('resultType', 'M27', 'resultType', 'M27'),
                           ('resultType', 'M28', 'resultType', 'M28'),
                           ('resultType', 'M31', 'resultType', 'M31'),
                           ('resultType', 'M32', 'resultType', 'M32'),
                           ('resultType', 'M33', 'resultType', 'M33'),
                           ('resultType', 'M34', 'resultType', 'M34'),
                           ('resultType', 'M35', 'resultType', 'M35'),
                           ('resultType', 'M36', 'resultType', 'M36'),
                           ('resultType', 'M41', 'resultType', 'M41'),
                           ('resultType', 'M42', 'resultType', 'M42'),
                           ('resultType', 'M43', 'resultType', 'M43'),
                           ('resultType', 'M44', 'resultType', 'M44'),
                           ('resultType', 'M45', 'resultType', 'M45'),
                           ('resultType', 'M46', 'resultType', 'M46'),
                           ('resultType', 'M47', 'resultType', 'M47'),
                           ('resultType', 'M48', 'resultType', 'M48'),
                           ('resultType', 'M49', 'resultType', 'M49'),
                           ('resultType', 'M51', 'resultType', 'M51'),
                           ('resultType', 'M52', 'resultType', 'M52'),
                           ('resultType', 'M53', 'resultType', 'M53'),
                           ('resultType', 'M55', 'resultType', 'M55'),
                           ('resultType', 'M56', 'resultType', 'M56'),
                           ('resultType', 'M61', 'resultType', 'M61'),
                           ('resultType', 'M62', 'resultType', 'M62'),
                           ('resultType', 'M63', 'resultType', 'M63'),
                           ('resultType', 'M64', 'resultType', 'M64'),
                           ('resultType', 'M65', 'resultType', 'M65'),
                           ('resultType', 'M66', 'resultType', 'M66'),
                           ('resultType', 'M71', 'resultType', 'M71'),
                           ('resultType', 'M72', 'resultType', 'M72'),
                           ('resultType', 'M81', 'resultType', 'M81'),
                           ('resultType', 'M82', 'resultType', 'M82'),
                           ('resultType', 'M83', 'resultType', 'M83'),
                           ('resultType', 'M84', 'resultType', 'M84'),
                           ('resultType', 'M85', 'resultType', 'M85'),
                           ('resultType', 'M86', 'resultType', 'M86'),
                           ('resultType', 'M91', 'resultType', 'M91'),
                           ('resultType', 'M92', 'resultType', 'M92'),
                           ('resultType', 'M93', 'resultType', 'M93');

insert into resultMapping (cfClassSchemeIdRuleBookResulltType, cfClassIdRuleBookResultType, cfClassSchemeIdResearcherRoleType, cfClassIdResearcherRoleType, cfClassSchemeIdSuperPublicationType, cfClassIdSuperPublicationType, cfClassSchemeIdPublicationType, cfClassIdPublicationType)
                    values ('resultType', 'M11', 'authorshipType', 'is author of', null, null, 'type', 'outstandingInternationalMonograph'),
                           ('resultType', 'M12', 'authorshipType', 'is author of', null, null, 'type', 'internationalMonograph'),
                           ('resultType', 'M13', 'authorshipType', 'is author of', 'type', 'outstandingInternationalMonograph', 'type', 'paperMonograph'),
                           ('resultType', 'M14', 'authorshipType', 'is author of', 'type', 'internationalMonograph', 'type', 'paperMonograph'),
                           ('resultType', 'M17', 'authorshipType', 'is editor of', null, null, 'type', 'outstandingInternationalMonograph'),
                           ('resultType', 'M18', 'authorshipType', 'is editor of', null, null, 'type', 'internationalMonograph'),
                           ('resultType', 'M21a', 'authorshipType', 'is author of', 'type', 'topLeadingInternationalJournal', 'type', 'paperJournal'),
                           ('resultType', 'M21', 'authorshipType', 'is author of', 'type', 'leadingInternationalJournal', 'type', 'paperJournal'),
                           ('resultType', 'M22', 'authorshipType', 'is author of', 'type', 'outstandingInternationalJournal', 'type', 'paperJournal'),
                           ('resultType', 'M23', 'authorshipType', 'is author of', 'type', 'internationalJournal', 'type', 'paperJournal'),
                           ('resultType', 'M24', 'authorshipType', 'is author of', 'type', 'speciallyVerifiedInternationalJournal', 'type', 'paperJournal'),
                           ('resultType', 'M25', 'authorshipType', 'is author of', 'type', 'topLeadingInternationalJournal', 'type', 'scientificCriticismJournal'),
                           ('resultType', 'M25', 'authorshipType', 'is author of', 'type', 'leadingInternationalJournal', 'type', 'scientificCriticismJournal'),
                           ('resultType', 'M25', 'authorshipType', 'is author of', 'type', 'outstandingInternationalJournal', 'type', 'scientificCriticismJournal'),
                           ('resultType', 'M26', 'authorshipType', 'is author of', 'type', 'internationalJournal', 'type', 'scientificCriticismJournal'),
                           ('resultType', 'M27', 'authorshipType', 'is editor of', null, null, 'type', 'topLeadingInternationalJournal'),
                           ('resultType', 'M27', 'authorshipType', 'is editor of', null, null, 'type', 'leadingInternationalJournal'),
                           ('resultType', 'M27', 'authorshipType', 'is editor of', null, null, 'type', 'outstandingInternationalJournal'),
                           ('resultType', 'M28', 'authorshipType', 'is editor of', null, null, 'type', 'internationalJournal'),
                           ('resultType', 'M41', 'authorshipType', 'is author of', null, null, 'type', 'outstandingNationalMonograph'),
                           ('resultType', 'M42', 'authorshipType', 'is author of', null, null, 'type', 'nationalMonograph'),
                           ('resultType', 'M43', 'authorshipType', 'is author of', null, null, 'type', 'monograph'),
                           ('resultType', 'M44', 'authorshipType', 'is author of', 'type', 'outstandingNationalMonograph', 'type', 'paperMonograph'),
                           ('resultType', 'M45', 'authorshipType', 'is author of', 'type', 'nationalMonograph', 'type', 'paperMonograph'),
                           ('resultType', 'M48', 'authorshipType', 'is editor of', null, null, 'type', 'outstandingNationalMonograph'),
                           ('resultType', 'M49', 'authorshipType', 'is editor of', null, null, 'type', 'nationalMonograph'),
                           ('resultType', 'M51', 'authorshipType', 'is author of', 'type', 'leadingNationalJournal', 'type', 'paperJournal'),
                           ('resultType', 'M52', 'authorshipType', 'is author of', 'type', 'nationalJournal', 'type', 'paperJournal'),
                           ('resultType', 'M53', 'authorshipType', 'is author of', 'type', 'scienceJournal', 'type', 'paperJournal'),
                           ('resultType', 'M55', 'authorshipType', 'is editor of', null, null, 'type', 'leadingNationalJournal'),
                           ('resultType', 'M56', 'authorshipType', 'is editor of', null, null, 'type', 'nationalJournal'),
                           ('resultType', 'M71', 'authorshipType', 'is author of', null, null, 'type', 'phdStudyFinalDocument'),
                           ('resultType', 'M71', 'authorshipType', 'is author of', null, null, 'type', 'phdArtProject'),
                           ('resultType', 'M72', 'authorshipType', 'is author of', null, null, 'type', 'oldMasterStudyFinalDocument');

insert into resultMapping (cfClassSchemeIdRuleBookResulltType, cfClassIdRuleBookResultType, cfClassSchemeIdResearcherRoleType, cfClassIdResearcherRoleType, cfClassSchemeIdEventType, cfClassIdEventType, cfClassSchemeIdPublicationType, cfClassIdPublicationType)
                    values ('resultType', 'M31', 'authorshipType', 'is author of', 'type', 'internationalConference', 'type', 'invTalkFullPP'),
                           ('resultType', 'M32', 'authorshipType', 'is author of', 'type', 'internationalConference', 'type', 'invTalkAbstractPP'),
                           ('resultType', 'M33', 'authorshipType', 'is author of', 'type', 'internationalConference', 'type', 'fullPP'),
                           ('resultType', 'M34', 'authorshipType', 'is author of', 'type', 'internationalConference', 'type', 'abstractPP'),
                           ('resultType', 'M35', 'authorshipType', 'is author of', 'type', 'internationalConference', 'type', 'discussionPP'),
                           ('resultType', 'M36', 'authorshipType', 'is editor of', 'type', 'internationalConference', 'type', 'proceedings'),
                           ('resultType', 'M61', 'authorshipType', 'is author of', 'type', 'nationalConference', 'type', 'invTalkFullPP'),
                           ('resultType', 'M62', 'authorshipType', 'is author of', 'type', 'nationalConference', 'type', 'invTalkAbstractPP'),
                           ('resultType', 'M63', 'authorshipType', 'is author of', 'type', 'nationalConference', 'type', 'fullPP'),
                           ('resultType', 'M64', 'authorshipType', 'is author of', 'type', 'nationalConference', 'type', 'abstractPP'),
                           ('resultType', 'M65', 'authorshipType', 'is author of', 'type', 'nationalConference', 'type', 'discussionPP'),
                           ('resultType', 'M66', 'authorshipType', 'is editor of', 'type', 'nationalConference', 'type', 'proceedings');

insert into commission (commissionId, appointmentBoard, appointmentDate, members, cfClassSchemeIdScienceArea, cfClassIdScienceArea) 
	values (1, 'DMI - PMF', '2011-03-21', 'Душан Сурла, Милош Рацковић, Марко Недељков', 'sciencesGroup', 'naturalSciences'),
	(600,'WoSSimple','2011-03-21 00:00:00','WoS journals list selectors','sciencesGroup','allSciences',NULL),
 (610,'MNOBiologija','2011-03-21 00:00:00','Чланови матичног научног одбора - Биологија','sciencesGroup','allSciences',NULL),
 (611,'MNOBiotehnologijaIAgroindustrija','2011-03-21 00:00:00','Чланови матичног научног одбора - Биологија и агроиндустрија','sciencesGroup','allSciences',NULL),
 (612,'MNOBiotehnologijaIPoljoprivreda','2011-03-21 00:00:00','Чланови матичног научног одбора - Биотехнологија и пољопривреда','sciencesGroup','allSciences',NULL),
 (613,'MNODrustveneNauke','2011-03-21 00:00:00','Чланови матичног научног одбора - Друштвене науке','sciencesGroup','allSciences',NULL),
 (614,'MNOElektronikaITelekomunikacije','2011-03-21 00:00:00','Чланови матичног научног одбора - Електроника и телекомуникације','sciencesGroup','allSciences',NULL),
 (615,'MNOElektronikaTelekomunikacijeIInformacioneTehnologije','2011-03-21 00:00:00','Чланови матичног научног одбора - Електроника, телекомуникације и информационе технологије','sciencesGroup','allSciences',NULL),
 (616,'MNOEnergetikaRudarstvoIEnergetskaEfikasnost','2011-03-21 00:00:00','Чланови матичног научног одбора - Енергетика, рударство и енергетска ефикасност','sciencesGroup','allSciences',NULL),
 (617,'MNOEnergetskaEfikasnost','2011-03-21 00:00:00','Чланови матичног научног одбора - Енергетска ефикасност','sciencesGroup','allSciences',NULL),
 (618,'MNOEnergetskeTehnologijeIRudarstvo','2011-03-21 00:00:00','Чланови матичног научног одбора - Енергетске технологије и рударство','sciencesGroup','allSciences',NULL),
 (619,'MNOFizika','2011-03-21 00:00:00','Чланови матичног научног одбора - Физика','sciencesGroup','allSciences',NULL),
 (620,'MNOGeonaukeIAstronomija','2011-03-21 00:00:00','Чланови матичног научног одбора - Геонауке и астрономија','sciencesGroup','allSciences',NULL),
 (621,'MNOHemija','2011-03-21 00:00:00','Чланови матичног научног одбора - Хемија','sciencesGroup','allSciences',NULL),
 (622,'MNOIndustrijskiSoftverIInformatika','2011-03-21 00:00:00','Чланови матичног научног одбора - Индустријски софтвер и информатика','sciencesGroup','allSciences',NULL),
 (623,'MNOMasinstvo','2011-03-21 00:00:00','Чланови матичног научног одбора - Машинство','sciencesGroup','allSciences',NULL),
 (624,'MNOMatematikaIMehanika','2011-03-21 00:00:00','Чланови матичног научног одбора - Математика и механика','sciencesGroup','allSciences',NULL),
 (625,'MNOMatematikaRacunarskeNaukeIMehanika','2011-03-21 00:00:00','Чланови матичног научног одбора - Математика, рачунарске науке и механика','sciencesGroup','allSciences',NULL),
 (626,'MNOMaterijaliIHemijskeTehnologije','2011-03-21 00:00:00','Чланови матичног научног одбора - Материјали и хемијске технологије','sciencesGroup','allSciences',NULL),
 (627,'MNOMedicina','2011-03-21 00:00:00','Чланови матичног научног одбора - Медицина','sciencesGroup','allSciences',NULL),
 (628,'MNOSaobracajUrbanizamIGradevinarstvo','2011-03-21 00:00:00','Чланови матичног научног одбора - Саобраћај, урбанизам и грађевинарство','sciencesGroup','allSciences',NULL),
 (629,'MNOUredenjeZastitaIKoriscenjeVodaZemljistaIVazduha','2011-03-21 00:00:00','Чланови матичног научног одбора - Уређење, заштита и коришћење вода, земљишта и ваздуха','sciencesGroup','allSciences',NULL),
 (630,'MNOZastitaIKoriscenjeVodaUSrbiji','2011-03-21 00:00:00','Чланови матичног научног одбора - Заштита и коришћење вода у Србији','sciencesGroup','allSciences',NULL),
 (631,'MNOSrpskiJezikIKnjizevnost','2011-03-21 00:00:00','Чланови матичног научног одбора - Српски језик и књижевност','sciencesGroup','allSciences',NULL),
 (632,'MNODHN','2011-03-21 00:00:00','Чланови матичног научног одбора - Друштвено хуманистичке науке','sciencesGroup','allSciences',NULL),
 (633,'MNODHNEkonomijaIOrganizacioneNauke','2011-03-21 00:00:00','Чланови матичног научног одбора - Друштвено хуманистичке науке - Економија и организационе науке','sciencesGroup','allSciences',NULL),
 (634,'MNODHNFilozofijaITeologija','2011-03-21 00:00:00','Чланови матичног научног одбора - Друштвено хуманистичке науке - Филозофија и теологија','sciencesGroup','allSciences',NULL),
 (635,'MNODHNInterdisciplinarneNauke','2011-03-21 00:00:00','Чланови матичног научног одбора - Друштвено хуманистичке науке - Интердисциплинарне науке','sciencesGroup','allSciences',NULL),
 (636,'MNODHNIstorijaArheologijaIEtnologija','2011-03-21 00:00:00','Чланови матичног научног одбора - Друштвено хуманистичке науке - Историја, археологија и етнологија','sciencesGroup','allSciences',NULL),
 (637,'MNODHNNaukaOSportu','2011-03-21 00:00:00','Чланови матичног научног одбора - Друштвено хуманистичке науке - Наука о спорту','sciencesGroup','allSciences',NULL),
 (638,'MNODHNPravoIPolitikologija','2011-03-21 00:00:00','Чланови матичног научног одбора - Друштвено хуманистичке науке - Право и политикологија','sciencesGroup','allSciences',NULL),
 (639,'MNODHNPsihologijaPedagogijaAndragogijaISpecijalnoVaspitanje','2011-03-21 00:00:00','Чланови матичног научног одбора - Друштвено хуманистичке науке - Психологија, педагогија, андрагогија и специјално васпитање','sciencesGroup','allSciences',NULL),
 (640,'MNODHNSociologijaIDemografija','2011-03-21 00:00:00','Чланови матичног научног одбора - Друштвено хуманистичке науке - Социологија и демографија','sciencesGroup','allSciences',NULL),
 (641,'MNODHNSrpskiJezikIKnjizevnost','2011-03-21 00:00:00','Чланови матичног научног одбора - Друштвено хуманистичке науке - Српски језик и књижевност','sciencesGroup','allSciences',NULL),
 (642,'MNODHNInostraniCasopisiSrpskiJezikIKnjizevnost','2011-03-21 00:00:00','Чланови матичног научног одбора - Друштвено хуманистичке науке - Инострани часописи Српски језик и књижевност','sciencesGroup','allSciences',NULL),
 (650,'AMS','2011-03-21 00:00:00','AMS journals list selectors','sciencesGroup','allSciences',NULL);

INSERT INTO `commission_commission` (`COMMISSIONID1`,`COMMISSIONID2`,`CFCLASSSCHEMEID`,`CFCLASSID`,`CFSTARTDATE`,`CFENDDATE`) VALUES
 (500,600,'commissionsRelation','adopt','2011-03-21 00:00:00','3011-03-21 00:00:00'),
 (500,610,'commissionsRelation','adopt','2011-03-21 00:00:00','3011-03-21 00:00:00'),
 (500,611,'commissionsRelation','adopt','2011-03-21 00:00:00','3011-03-21 00:00:00'),
 (500,612,'commissionsRelation','adopt','2011-03-21 00:00:00','3011-03-21 00:00:00'),
 (500,613,'commissionsRelation','adopt','2011-03-21 00:00:00','3011-03-21 00:00:00'),
 (500,614,'commissionsRelation','adopt','2011-03-21 00:00:00','3011-03-21 00:00:00'),
 (500,615,'commissionsRelation','adopt','2011-03-21 00:00:00','3011-03-21 00:00:00'),
 (500,616,'commissionsRelation','adopt','2011-03-21 00:00:00','3011-03-21 00:00:00'),
 (500,617,'commissionsRelation','adopt','2011-03-21 00:00:00','3011-03-21 00:00:00'),
 (500,618,'commissionsRelation','adopt','2011-03-21 00:00:00','3011-03-21 00:00:00'),
 (500,619,'commissionsRelation','adopt','2011-03-21 00:00:00','3011-03-21 00:00:00'),
 (500,620,'commissionsRelation','adopt','2011-03-21 00:00:00','3011-03-21 00:00:00'),
 (500,621,'commissionsRelation','adopt','2011-03-21 00:00:00','3011-03-21 00:00:00'),
 (500,622,'commissionsRelation','adopt','2011-03-21 00:00:00','3011-03-21 00:00:00'),
 (500,623,'commissionsRelation','adopt','2011-03-21 00:00:00','3011-03-21 00:00:00'),
 (500,624,'commissionsRelation','adopt','2011-03-21 00:00:00','3011-03-21 00:00:00'),
 (500,625,'commissionsRelation','adopt','2011-03-21 00:00:00','3011-03-21 00:00:00'),
 (500,626,'commissionsRelation','adopt','2011-03-21 00:00:00','3011-03-21 00:00:00'),
 (500,627,'commissionsRelation','adopt','2011-03-21 00:00:00','3011-03-21 00:00:00'),
 (500,628,'commissionsRelation','adopt','2011-03-21 00:00:00','3011-03-21 00:00:00'),
 (500,629,'commissionsRelation','adopt','2011-03-21 00:00:00','3011-03-21 00:00:00'),
 (500,630,'commissionsRelation','adopt','2011-03-21 00:00:00','3011-03-21 00:00:00'),
 (500,631,'commissionsRelation','adopt','2011-03-21 00:00:00','3011-03-21 00:00:00'),
 (500,632,'commissionsRelation','adopt','2011-03-21 00:00:00','3011-03-21 00:00:00'),
 (632,633,'commissionsRelation','adopt','2011-03-21 00:00:00','3011-03-21 00:00:00'),
 (632,634,'commissionsRelation','adopt','2011-03-21 00:00:00','3011-03-21 00:00:00'),
 (632,635,'commissionsRelation','adopt','2011-03-21 00:00:00','3011-03-21 00:00:00'),
 (632,636,'commissionsRelation','adopt','2011-03-21 00:00:00','3011-03-21 00:00:00'),
 (632,637,'commissionsRelation','adopt','2011-03-21 00:00:00','3011-03-21 00:00:00'),
 (632,638,'commissionsRelation','adopt','2011-03-21 00:00:00','3011-03-21 00:00:00'),
 (632,639,'commissionsRelation','adopt','2011-03-21 00:00:00','3011-03-21 00:00:00'),
 (632,640,'commissionsRelation','adopt','2011-03-21 00:00:00','3011-03-21 00:00:00'),
 (632,641,'commissionsRelation','adopt','2011-03-21 00:00:00','3011-03-21 00:00:00'),
 (632,642,'commissionsRelation','adopt','2011-03-21 00:00:00','3011-03-21 00:00:00'),
 (625,650,'commissionsRelation','adopt','2011-03-21 00:00:00','3011-03-21 00:00:00');


